@SaintRampalJiM,14.403767863859
#Allah_IsNot_Formless,8.7620419867834
"#18\u0e15\u0e38\u0e25\u0e32\u0e44\u0e1b\u0e2d\u0e19\u0e38\u0e2a\u0e32\u0e27\u0e23\u0e35\u0e22\u0e4c\u0e0a\u0e31\u0e22",3.7029391419975
"#\u0928\u0935\u0930\u093e\u0924\u094d\u0930\u093f",3.5535046069951
#NaMoYugAgeOfIdeas,2.452056694246
#KXIP,2.4388965373664
#EndPoliceBrutalityinNigera,2.2553218852415
#mondaythoughts,2.1898071912104
#TruthOfQuran_WatchDebate,1.9684209289206
#Navratri2020,1.9380476682964
#SaintRampalJiMaharaj,1.8582761376457
#Navratri,1.7177580857465
#santrampaljimaharaji,1.6930589507334
#MondayMotivation,1.6351494922903
#IPL2020,1.426136638371
#SuperRookieTREASURE,1.4119274834793
#RabiulAwwal,1.3626245769086
#God_Is_In_Form,1.3626245769086
#jaimatadi,1.3506087814968
#MIvKXIP,0.99914676570139
#DonaldTrump,0.97134831837963
@DasiKamlesh870,0.96610332831892
#MondayVibes,0.72273578950196
#NavratriSpecial,0.70175582925912
#ASAPNatinTo,0.64091394455488
#MIvsKXIP,0.58977529146296
#GoodMorningTwitterWorld,0.54833986998334
#TrueGuru,0.53653864234675
"#\u091a\u0902\u0926\u094d\u0930\u0918\u0902\u091f\u093e",0.532390332026
@BharatD55138223,0.48146624670929
@vishnusahu000,0.48146624670929
#GodotEngine,0.48146624670929
"#\u0e41\u0e1a\u0e19\u0e0a\u0e48\u0e2d\u0e073",0.37656644549508
#satbhakti_sandes,0.37132145543437
@kabirisGodLord,0.30523458066942
@SatlokAshram,0.30523458066942
#iplinuae,0.26117666415946
#CBITraceSSRKillers,0.2554548568205
@abhishkJntrMnt,0.206104268522
@NaveenK51586413,0.206104268522
@PushpendraRoyal,0.206104268522
@Naveen57714360,0.206104268522
#KabirisGod,0.206104268522
@VisheshDas11,0.206104268522
@LORDKABIR6,0.206104268522
@Rajkuma13138595,0.206104268522
@Sakshi01083602,0.206104268522
#MondayThoughts,0.16021060549079
#MondayMotivaton,0.16021060549079
#ILoveShehnaazBcoz,0.16021060549079
#MustListen_Satsang,0.16021060549079
"#\u092e\u0930\u093e\u0920\u0940",0.10146671681083
@OfficialSweeti,0.040887081609628
@ShaktiS13564797,0.040887081609628
#SaintRampalji,0.040887081609628
@Poojaji_,0.040887081609628
@Earth_ToHeaven,0.040887081609628
#Quran,0.013350883790899
@MonikaY59659058,0.013350883790899
#Allah,0.013350883790899
@DivyaRa16412899,0.013350883790899
@Dinesh_Jat_,0.013350883790899
"#\u0e21\u0e47\u0e2d\u0e1a18\u0e15\u0e38\u0e25\u0e32",0.013350883790899
@KrishandassSh12,0.013350883790899
#goodmorningbritain,0.013350883790899
#SuperOver,0.013350883790899
#GodMorningMonday,0.013350883790899
@Agesh21500892,0.013350883790899
@Rani8448,0.013350883790899
@AmarBodhBook,0.013350883790899
@SatlokChannel,0.013350883790899
